EVENT,FOR,WHERE,CITY,STATE,DAY,DATE,MEMBER,NONMEMBER,PRESALE,CASH,VENMO,SIGN UP,LAT,LON,CREATED
Seminar,Brian Glick,First Colony BJJ,Marblehead,Massachusetts,Thursday,9/25/2025,,,,,,,42.495629,-70.835820,
Seminar,Mike Wacker,Black Hole Jiu Jitsu,Seymour,Connecticut,Friday,9/26/2025,,,,,,,41.385466,-73.083641,
Seminar,Christos Papadelos,Lauzon MMA,Canton,Massachusetts,Sunday,9/28/2025,,,,,,,42.175737,-71.125385,
Seminar,Rigor Monteiro de Oliveira,TMC Danbury BJJ,Danbury,Connecticut,Wednesday,10/01/2025,,,,,,,41.398741,-73.478103,
Seminar,Rigor Monteiro de Oliveira,TMC Danbury BJJ,Danbury,Connecticut,Thursday,10/02/2025,,,,,,,41.398741,-73.478103,
Seminar,Leandro “Tatu” Escobar,Underdog MMA,W. Hartford,Connecticut,Thursday,10/02/2025,,,,,,,41.766568,-72.754944,
Seminar,Mayara Custodio,Gracie Barra,S. Portland,Maine,Friday,10/03/2025,,,,,,,43.631402,-70.285989,
Seminar,Sean Rubchinuk,FCF MMA,Brunswick,Maine,Saturday,10/04/2025,,,,,,,43.896431,-69.973487,
Seminar,Keith Charest,Clandestine Submissions,Sanford,Maine,Saturday,10/04/2025,,,,,,,43.424142,-70.757859,
Seminar,Mayara Custodio,Gracie Barra,Braintree,Massachusetts,Saturday,10/04/2025,,,,,,,42.206188,-71.002320,
Open House,1 Year Anniversary,SBG East Coast,Dartmouth,Massachusetts,Saturday,10/04/2025,,,,,,,41.613540,-70.970478,
Women's Only,Women’s Only Open Mat,Radius Martial Arts,Fairfield,Connecticut,Sunday,10/05/2025,,,,,,,41.175940,-73.272046,
Seminar,Anthony “Scissorhands” Edwards,Atlas JiuJitsu,Waltham,Massachusetts,Monday,10/06/2025,,,,,,,42.388921,-71.242268,
Charity Event,Roll - A - Thon for Tanner Lamagna,New England Top Team,Salem,New Hampshire,Friday,10/10/2025,,,,,,,42.788267,-71.221725,
Workshop,The Art of the Choke,Danny Savery,Bristol,Rhode Island,Saturday,10/11/2025,,,,,,,41.675730,-71.273331,
Women's Only,Women’s Only Open Mat,Fenix BJJ,Woburn,Massachusetts,Saturday,10/11/2025,,,,,,,42.488703,-71.154383,
Women's Only,Self Defense - Fernanda Araujo,Defensive Edge MMA,Wakefield,Massachusetts,Saturday,10/11/2025,,,,,,,42.504361,-71.064061,
Seminar,Rafael Formiga,Dedeco,Weymouth,Massachusetts,Saturday,10/11/2025,,,,,,,42.207300,-70.943687,
Seminar,Jansen Gomes,Alexey BJJ,Westbrook,Maine,Saturday,10/11/2025,,,,,,,43.707920,-70.352602,
Comp,Grappling Industries,,Hanover,Massachusetts,Saturday,10/11/2025,,,,,,,42.122956,-70.856310,
Seminar,Aaron Hughes,South Coast Muay Thai,New Bedford,Massachusetts,Sunday,10/12/2025,,,,,,,41.661303,-70.937913,
Seminar,Christos Papadelos,Mom’s Basement MMA,Mattapoisett,Massachusetts,Sunday,10/12/2025,,,,,,,41.658440,-70.816146,
Open Mat,Fight Club Vol XV,Iron Lion Team,Bridgeport,Connecticut,Sunday,10/12/2025,,,,,,,41.187393,-73.195757,
Women's Only,Alana Norton - No Gi Class,Z Team Jiu Jitsu,Fitchburg,Massachusetts,Tuesday,10/14/2025,,,,,,,42.601977,-71.815870,
Women's Only,Self Defense - Fernanda Araujo,Defensive Edge MMA,Wakefield,Massachusetts,Saturday,10/18/2025,,,,,,,42.504361,-71.064061,
Women's Only,Women’s Only Open Mat,Nostros MMA,Somersworth,New Hampshire,Saturday,10/18/2025,,,,,,,43.253476,-70.887944,
Seminar,Keith Krikorian,Broadway Jiu Jitsu,Boston,Massachusetts,Saturday,10/18/2025,,,,,,,42.338551,-71.018253,
Seminar,Marne Chiccarelli,Blue Collar Jiu Jitsu,Mendon,Massachusetts,Saturday,10/18/2025,,,,,,,42.093870,-71.544519,
Open House,Valle BJJ - 3 Year Anniversary,Valle JiuJitsu,Londonderry,New Hampshire,Saturday,10/18/2025,,,,,,,42.879789,-71.392326,
Comp (Invite),CS/R Tournament,,Mansfield,Massachusetts,Saturday,10/18/2025,,,,,,,42.033433,-71.218941,
Seminar,Keith Krikorian,Ironhold Jiu Jitsu,Agawam,Massachusetts,Sunday,10/19/2025,,,,,,,42.063891,-72.652959,
Seminar,Fellipe Andrew,Binda Jiu Jitsu,Haverhill,Massachusetts,Monday,10/20/2025,,,,,,,42.782945,-71.087436,
Seminar,Leticia Cardozo,Binda Jiu Jitsu,Haverhill,Massachusetts,Tuesday,10/21/2025,,,,,,,42.782945,-71.087436,
Seminar,Charles Harriott,Team Lawton Martial Arts,Farmingdale,Maine,Wednesday,10/22/2025,,,,,,,44.260548,-69.827805,
Kids Event,Haunted House,Newport Martial Arts,Newport,Rhode Island,Friday,10/24/2025,,,,,,,41.476681,-71.319627,
Kids Event,Ghostly Grapplers Halloween Party,Renzo Gracie Academy,Milford,Connecticut,Friday,10/24/2025,,,,,,,41.225086,-73.061110,
Women's Only,Mayara Custodio - Seminar,Gracie Barra,Braintree,Massachusetts,Saturday,10/25/2025,,,,,,,42.206188,-71.002320,
Seminar,Darkside Jiu Jitsu,Virtue Martial Arts,Waltham,Massachusetts,Saturday,10/25/2025,,,,,,,42.388921,-71.242268,
Seminar,Rory Connors,Connors Martial Arts Academy,Norwood,Massachusetts,Saturday,10/25/2025,,,,,,,42.187364,-71.195971,
Seminar,Catch Wrestling - Joel Bane,Snake Pit USA MMA,Billerica,Massachusetts,Saturday,10/25/2025,,,,,,,42.559674,-71.260948,
Kids Event,Paulinho - Kids Seminar,Gentle Art Dojo,Chelmsford,Massachusetts,Saturday,10/25/2025,,,,,,,42.597055,-71.369700,
Seminar,Aaron Tiegs,Mission First BJJ,Middletown,Rhode Island,Saturday,10/25/2025,,,,,,,41.545657,-71.291439,
Seminar,Mike Pellegrino,Acadia Brazilian Jiu Jitsu,Ellsworth,Maine,Saturday,10/25/2025,,,,,,,44.582930,-68.480094,
Comp,Fuji BJJ State Championship,,Middletown,Connecticut,Saturday,10/25/2025,,,,,,,41.562320,-72.650648,
Workshop,Bulletproof Your Body for BJJ,Team Forsa,Woburn,Massachusetts,Sunday,10/26/2025,,,,,,,42.488703,-71.154383,
Seminar,Christos Papadelos,Daniel Gracie Academy,Plymouth,Massachusetts,Sunday,10/26/2025,,,,,,,41.894085,-70.618610,
Comp,Flow Sub Only 7,,Rockland,Maine,Sunday,10/26/2025,,,,,,,44.123883,-69.130452,
Comp,Charity - Arm Bars Against MS,,Waterbury,Connecticut,Sunday,10/26/2025,,,,,,,41.558500,-73.036685,
Seminar,Rodrigo Castro,Gracie Gym,Windham,Maine,Wednesday,10/29/2025,,,,,,,43.794689,-70.405329,
Seminar,Charles Harriott,Lauzon MMA,Canton,Massachusetts,Wednesday,10/29/2025,,,,,,,42.175737,-71.125385,
Open Mat,Halloween Open Mat,Technique BJJ,Prospect,Connecticut,Wednesday,10/29/2025,,,,,,,41.499247,-72.975634,
Seminar,Carlson Gracie Jr,Broadway Jiu Jitsu,Boston,Massachusetts,Friday,10/31/2025,,,,,,,42.338551,-71.018253,
Seminar,Carlson Gracie Jr,Carlson Gracie RI,Westerly,Rhode Island,Saturday,11/01/2025,,,,,,,41.323428,-71.802458,
Seminar,Mayara Custodio,EP Martial Arts,E. Providence,Rhode Island,Saturday,11/01/2025,,,,,,,41.800433,-71.359258,
Open Mat,Spooky Sparring - Open Mat,Pajama Strangle Time,Providence,Rhode Island,Saturday,11/01/2025,,,,,,,41.823056,-71.418784,
Open House,2 Year Anniversary - Party/Promo,NESF,Arlington,Massachusetts,Saturday,11/01/2025,,,,,,,42.418722,-71.163912,
Grand Opening,Grand Opening,Ironhold Jiu Jitsu,Agawam,Massachusetts,Saturday,11/01/2025,,,,,,,42.063891,-72.652959,
Comp (Invite),Combat Zone Ninety,,Manchester,New Hampshire,Saturday,11/01/2025,,,,,,,42.984941,-71.444131,
Comp,Gaman Submission Challenge,,Trumbull,Connecticut,Saturday,11/01/2025,,,,,,,41.272891,-73.211899,
Charity Event,Veterans Day Ruck & Roll,Fenix BJJ,Tewksbury,Massachusetts,Saturday,11/01/2025,,,,,,,42.612088,-71.227845,
Workshop,Bulletproof Your Body for BJJ,Team Forsa,Woburn,Massachusetts,Sunday,11/02/2025,,,,,,,42.488703,-71.154383,
Women's Only,Women’s Only Open Mat,Solid Base BJJ,Southington,Connecticut,Sunday,11/02/2025,,,,,,,41.607160,-72.878760,
Women's Only,Women’s Only Open Mat,Radius Martial Arts,Fairfield,Connecticut,Sunday,11/02/2025,,,,,,,41.175940,-73.272046,
Seminar,Carlson Gracie Jr,Carlson Gracie CT,New Haven,Connecticut,Sunday,11/02/2025,,,,,,,41.310809,-72.924953,
Seminar,Mayara Custodio,Renzo Gracie Academy,Smithfield,Rhode Island,Sunday,11/02/2025,,,,,,,41.900945,-71.528890,
Open Mat,Mega Mat Open Mat,Team Santos,Pawtucket,Rhode Island,Sunday,11/02/2025,,,,,,,41.874824,-71.373323,
Seminar,Paulo PiuPiu Silva,Submit Your Friend Academy,Boston,Massachusetts,Wednesday,11/05/2025,,,,,,,42.338551,-71.018253,
Seminar,Tommy Wales,Manchester BJJ,Manchester,Connecticut,Friday,11/07/2025,,,,,,,41.775240,-72.524434,
Seminar,Nathan Eisenberg,Elements MMA,Keene,New Hampshire,Friday,11/07/2025,,,,,,,42.933692,-72.278141,
Seminar,Matt Thornton,SBG East Coast,Dartmouth,Massachusetts,Saturday,11/08/2025,,,,,,,41.613540,-70.970478,
Seminar,Helena Cravar,Integrated Martial Arts,Worcester,Massachusetts,Saturday,11/08/2025,,,,,,,42.269478,-71.807783,
Seminar,Technique / Belt Test / Shark Tank,Plainville Martial Arts,Plainville,Connecticut,Saturday,11/08/2025,,,,,,,41.673992,-72.854434,
Comp,Tap Cancer Out,,Danvers,Massachusetts,Saturday,11/08/2025,,,,,,,42.574174,-70.950516,
Seminar,Matt Thornton,SBG East Coast,Dartmouth,Massachusetts,Sunday,11/09/2025,,,,,,,41.613540,-70.970478,
Seminar,Vitor Vianna,Daniel Gracie Academy,Hyannis,Massachusetts,Sunday,11/09/2025,,,,,,,41.661478,-70.356951,
Comp,Tap Cancer Out,,Danvers,Massachusetts,Sunday,11/09/2025,,,,,,,42.574174,-70.950516,
Charity Event,Veterans Day Ruck & Roll,Nostros MMA,Somersworth,New Hampshire,Sunday,11/09/2025,,,,,,,43.253476,-70.887944,
Charity Event,We Defy Veterans Day Open Mat,F.I.T.E. FIT,Glastonbury,Connecticut,Sunday,11/09/2025,,,,,,,41.691883,-72.552173,
Open Mat,Veterans Day Open Mat,BattleGround JiuJitsu,W. Springfield,Massachusetts,Tuesday,11/11/2025,,,,,,,42.115454,-72.539978,
Workshop,Master Alvaro Romano - Mobility,Bernardo Faria Academy,Bedford,Massachusetts,Wednesday,11/12/2025,,,,,,,42.499332,-71.281901,
Women's Only,Women’s Only Open Mat,Fenix BJJ,Tewksbury,Massachusetts,Saturday,11/15/2025,,,,,,,42.612088,-71.227845,
Seminar,Josh Barnett,Tri-Force Training Center,Pawtucket,Rhode Island,Saturday,11/15/2025,,,,,,,41.874824,-71.373323,
Seminar,Junny Ocasio,Aqueous BJJ,Bedford,New Hampshire,Saturday,11/15/2025,,,,,,,42.935584,-71.536871,
Seminar,Andre Dedeco,Unita BJJ,Lebanon,New Hampshire,Saturday,11/15/2025,,,,,,,43.635428,-72.253837,
Seminar,Chris Piscione & Michelle Ribeck,Umass Lowell BJJ,Lowell,Massachusetts,Saturday,11/15/2025,,,,,,,42.638995,-71.321020,
Comp,NAGA Grappling,,Hanover,Massachusetts,Saturday,11/15/2025,,,,,,,42.122956,-70.856310,
Women's Only,Chokes For Chicks Womens Open,Pajama Strangle Time,Providence,Rhode Island,Sunday,11/16/2025,,,,,,,41.823056,-71.418784,
Workshop,Breathe and Plunge for Athletes,Lauzon MMA,Canton,Massachusetts,Sunday,11/16/2025,,,,,,,42.175737,-71.125385,
Comp (Invite),Z Team Invitational IV,Z Team Jiu Jitsu,Fitchburg,Massachusetts,Sunday,11/16/2025,,,,,,,42.601977,-71.815870,
Women's Only,All Women’s Open Mat,Team Flo,Tyngsboro,Massachusetts,Tuesday,11/18/2025,,,,,,,42.667762,-71.428820,
Seminar,Nicholas Meregali,Broadway Jiu Jitsu,Boston,Massachusetts,Friday,11/21/2025,,,,,,,42.338551,-71.018253,
Seminar,Jake Smith,Umass Amherst,Amherst,Massachusetts,Saturday,11/22/2025,,,,,,,42.363534,-72.507291,
Seminar,Nicholas Meregali,Daniel Gracie Academy,Northborough,Massachusetts,Saturday,11/22/2025,,,,,,,42.323342,-71.646236,
Seminar,Joe Moreira,Combate Real School,Southbridge,Massachusetts,Saturday,11/22/2025,,,,,,,42.059737,-72.033908,
Seminar,Greg Souders,Greenwich Jiu Jiutsu Academy,Greenwich,Connecticut,Saturday,11/22/2025,,,,,,,41.045366,-73.634018,
Comp (Invite),TLP 21 - Battle Underground,,Windsor,Connecticut,Saturday,11/22/2025,,,,,,,41.871037,-72.675082,
Seminar,Joe Moreira,Combate Real School,Southbridge,Massachusetts,Sunday,11/23/2025,,,,,,,42.059737,-72.033908,
Comp (Invite),IGC Invitational,,Bristol,Connecticut,Sunday,11/23/2025,,,,,,,41.681578,-72.940749,
Open Mat,Henry Oberlander Memorial OM,Connors MMA,Norwood,Massachusetts,Sunday,11/23/2025,,,,,,,42.187364,-71.195971,
Seminar,Coach Kia Upperbody Wrestling,Underdog MMA,West Hartford,Connecticut,Tuesday,11/25/2025,,,,,,,41.766568,-72.754944,
Workshop,Introduction to CLA,Recon MMA,Portland,Maine,Wednesday,11/26/2025,,,,,,,43.633157,-70.185305,
Open Mat,Holiday Open Mat,Unit 232,Littleton,Massachusetts,Wednesday,11/26/2025,,,,,,,42.535931,-71.490569,
Open Mat,Thanksgiving Day Open Mat,Hammer Jiu Jitsu,Fairfield,Connecticut,Thursday,11/27/2025,,,,,,,41.175940,-73.272046,
Open Mat,Thanksgiving Day Open Mat,Alliance BJJ,Westborough,Massachusetts,Thursday,11/27/2025,,,,,,,42.268426,-71.613309,
Open Mat,Thanksgiving Day Open Mat,Underdog MMA,West Hartford,Connecticut,Thursday,11/27/2025,,,,,,,41.766568,-72.754944,
Open Mat,Thanksgiving Day Open Mat,Imperium Martial Arts,North Reading,Massachusetts,Thursday,11/27/2025,,,,,,,42.578401,-71.084448,
Open Mat,Thanksgiving Day Open Mat,CT Combat Training Center,Oakville,Connecticut,Thursday,11/27/2025,,,,,,,41.588972,-73.090475,
Open Mat,Holiday Open Mat,Ironhold Jiu Jitsu,Agawam,Massachusetts,Thursday,11/27/2025,,,,,,,42.063891,-72.652959,
Open Mat,Holiday Open Mat,Connors MMA,Norwood,Massachusetts,Thursday,11/27/2025,,,,,,,42.187364,-71.195971,
Open Mat,Thanksgiving Day Open Mat,South Boston BJJ,Boston,Massachusetts,Thursday,11/27/2025,,,,,,,42.338551,-71.018253,
Open Mat,Thanksgiving Day Open Mat,Versus Jiujitsu,Natick,Massachusetts,Thursday,11/27/2025,,,,,,,42.284822,-71.348811,
Open Mat,Thanksgiving Day Open Mat,Primal Jiujitsu,Derry,New Hampshire,Thursday,11/27/2025,,,,,,,42.887613,-71.282047,
Open Mat,Thanksgiving Day Open Mat,Pajama Strangle Time,Providence,Rhode Island,Thursday,11/27/2025,,,,,,,41.823056,-71.418784,
Open Mat,Thanksgiving Day Open Mat,South Shore Sportfighting,Rockland,Massachusetts,Thursday,11/27/2025,,,,,,,42.129251,-70.908736,
Open Mat,Holiday Open Mat,Precision Jiujitsu,Hudson,New Hampshire,Thursday,11/27/2025,,,,,,,42.760497,-71.409393,
Open Mat,Thanksgiving Day Open Mat,Giannetti Martial Arts,Whitman,Massachusetts,Thursday,11/27/2025,,,,,,,42.078974,-70.939390,
Open Mat,Thanksgiving Gi Turkey Rolls,Clandestine Submissions,Sanford,Maine,Thursday,11/27/2025,,,,,,,43.424142,-70.757859,
Open Mat,Thanksgiving Day Open Mat,Flow State Fighting,Tolland,Connecticut,Thursday,11/27/2025,,,,,,,41.883019,-72.358869,
Open Mat,Thanksgiving Day Open Mat,Seaside Jiu Jitsu,Lynn,Massachusetts,Thursday,11/27/2025,,,,,,,42.474766,-70.962035,
Charity Event,Roll for Jamaica,Integrated Martial Arts,Worcester,Massachusetts,Thursday,11/27/2025,,,,,,,42.269478,-71.807783,
Charity Event,Turkey Roll - Food Drive,Gentle Art Dojo,Chelmsford,Massachusetts,Thursday,11/27/2025,,,,,,,42.597055,-71.369700,
Open House,Holiday Open Mat,CT Submission Grappling,Bridgeport,Connecticut,Friday,11/28/2025,,,,,,,41.187393,-73.195757,
Open Mat,Holiday Open Mat,Atom JiuJitsu,Newton,Massachusetts,Friday,11/28/2025,,,,,,,42.331768,-71.208400,
Open Mat,Holiday Open Mat,Ironhold Jiu Jitsu,Agawam,Massachusetts,Friday,11/28/2025,,,,,,,42.063891,-72.652959,
Open Mat,Holiday Open Mat,Connors MMA,Norwood,Massachusetts,Friday,11/28/2025,,,,,,,42.187364,-71.195971,
Open Mat,Holiday Open Mat,Radius Martial Arts,Fairfield,Connecticut,Friday,11/28/2025,,,,,,,41.175940,-73.272046,
Open Mat,Holiday Open Mat,Precision Jiujitsu,Hudson,New Hampshire,Friday,11/28/2025,,,,,,,42.760497,-71.409393,
Open Mat,Holiday Open Mat,Unit 232,Littleton,Massachusetts,Friday,11/28/2025,,,,,,,42.535931,-71.490569,
Open Mat,Black Friday No Gi Open Mat,Clandestine Submissions,Sanford,Maine,Friday,11/28/2025,,,,,,,43.424142,-70.757859,
Women's Only,Women’s Only Open Mat,Bazzani Martial Arts,Nashua,New Hampshire,Saturday,11/29/2025,,,,,,,42.749074,-71.490544,
Seminar,Seminar + Charity Benefit,BTT Boston,Everett,Massachusetts,Saturday,11/29/2025,,,,,,,42.408430,-71.053663,
Seminar,Roberto Maia,Boston BJJ,Woburn,Massachusetts,Saturday,11/29/2025,,,,,,,42.488703,-71.154383,
Open Mat,Holiday Open Mat,DF Fitness,Gloucester,Massachusetts,Saturday,11/29/2025,,,,,,,42.628850,-70.685875,
Comp,Grappling Industries,,Newtown,Connecticut,Saturday,11/29/2025,,,,,,,41.399503,-73.293982,
Seminar,Murilo Santana,Fit Club BJJ,Fairfield,Connecticut,Sunday,11/30/2025,,,,,,,41.175940,-73.272046,
Seminar,Sarah Rose,Integrated Martial Arts,Worcester,Massachusetts,Monday,12/01/2025,,,,,,,42.269478,-71.807783,
Seminar,Ace Gonzalez,Whaling City Athletic Club,New London,Connecticut,Tuesday,12/02/2025,,,,,,,41.332957,-72.096176,
Women's Only,Mat Sisters - Women’s Open Mat,Team Lawton Martial Arts,Farmingdale,Maine,Friday,12/05/2025,,,,,,,44.260548,-69.827805,
Seminar,Diogo “Moreno” Araujo,Fit Club BJJ,Fairfield,Connecticut,Friday,12/05/2025,,,,,,,41.175940,-73.272046,
Seminar,Pete The Greek Letsos,Clandestine Submissions,Sanford,Maine,Friday,12/05/2025,,,,,,,43.424142,-70.757859,
Seminar,Pete The Greek Letsos,South Boston BJJ,Boston,Massachusetts,Saturday,12/06/2025,,,,,,,42.338551,-71.018253,
Seminar,Mat Santos,USMMA,Bellingham,Massachusetts,Saturday,12/06/2025,,,,,,,42.076682,-71.474490,
Seminar,Hiago George,Fight Sports Boston,New Bedford,Massachusetts,Saturday,12/06/2025,,,,,,,41.661303,-70.937913,
Kids Event,Kids “Kumite” Tournamet,Vermont BJJ Academy,Williston,Vermont,Saturday,12/06/2025,,,,,,,44.429166,-73.096310,
Comp (Invite),World Championship Grappling,,Sturbridge,Massachusetts,Saturday,12/06/2025,,,,,,,42.108429,-72.078690,
Comp (Invite),Boston University Invitational,Boston University,Boston,Massachusetts,Saturday,12/06/2025,,,,,,,42.338551,-71.018253,
Women's Only,Women’s Only Open Mat,Radius Martial Arts,Fairfield,Connecticut,Sunday,12/07/2025,,,,,,,41.175940,-73.272046,
Seminar,Marcelo Siqueira,Off Your Back Academy,Londonderry,New Hampshire,Sunday,12/07/2025,,,,,,,42.879789,-71.392326,
Open Mat,Mega Mat Open Mat,Playground JiuJitsu,E. Providence,Rhode Island,Sunday,12/07/2025,,,,,,,41.800433,-71.359258,
Seminar,Pete The Greek Letsos,Team Santos,Pawtucket,Rhode Island,Tuesday,12/09/2025,,,,,,,41.874824,-71.373323,
Seminar,Rodrigo Gracie,Royce Gracie Academy,Glastonbury,Connecticut,Wednesday,12/10/2025,,,,,,,41.691883,-72.552173,
Seminar,Pete The Greek Letsos,Worcester MMA,Worcester,Massachusetts,Thursday,12/11/2025,,,,,,,42.269478,-71.807783,
Women's Only,Women’s Only Open Mat,Fenix BJJ,Woburn,Massachusetts,Saturday,12/13/2025,,,,,,,42.488703,-71.154383,
Seminar,Jean “Dalua” Cartagena,Integrated Martial Arts,Worcester,Massachusetts,Saturday,12/13/2025,,,,,,,42.269478,-71.807783,
Seminar,Robert Correa & Celsinho Vinicus,Renzo Gracie Academy,Smithfield,Rhode Island,Saturday,12/13/2025,,,,,,,41.900945,-71.528890,
Comp (Invite),Super Fight for a Cause,,Hyannis,Massachusetts,Saturday,12/13/2025,,,,,,,41.661478,-70.356951,
Women's Only,Women’s Only Open Mat,Balance Point BJJ,Milford,New Hampshire,Sunday,12/14/2025,,,,,,,42.818645,-71.673354,
Seminar,Gabriel Gonzaga,Vaca BJJ,W. Springfield,Massachusetts,Sunday,12/14/2025,,,,,,,42.115454,-72.539978,
Seminar,Mayara Custodio,Blue Collar Jiu Jitsu,Mendon,Massachusetts,Sunday,12/14/2025,,,,,,,42.093870,-71.544519,
Open Mat,Holiday Open Mat,CT Submission Grappling,Bridgeport,Connecticut,Friday,12/19/2025,,,,,,,41.187393,-73.195757,
Women's Only,Women’s Only Open Mat,Nostros MMA,Somersworth,New Hampshire,Saturday,12/20/2025,,,,,,,43.253476,-70.887944,
Seminar,Fernanda and Michelle,Defensive Edge MMA,Wakefield,Massachusetts,Saturday,12/20/2025,,,,,,,42.504361,-71.064061,
Open House,1 Year Anivsry - Open Mat/BBQ,Atom JiuJitsu,Newton,Massachusetts,Saturday,12/20/2025,,,,,,,42.331768,-71.208400,
Seminar,Joe Moreira,Team Moreira,Biddeford,Maine,Sunday,12/21/2025,,,,,,,43.438733,-70.392943,
Open Mat,Holiday Open Mat,The Dojo,Westport,Connecticut,Wednesday,12/24/2025,,,,,,,41.141485,-73.357895,
Open Mat,Christmas Eve Open Mat,Burgess MMA,Manchester,New Hampshire,Wednesday,12/24/2025,,,,,,,42.984941,-71.444131,
Open Mat,Holiday Open Mat,Connors MMA,Norwood,Massachusetts,Wednesday,12/24/2025,,,,,,,42.187364,-71.195971,
Open Mat,Holiday Open Mat,Team Flo,Tyngsboro,Massachusetts,Wednesday,12/24/2025,,,,,,,42.667762,-71.428820,
Open Mat,Holiday Open Mat,South Boston BJJ,Boston,Massachusetts,Wednesday,12/24/2025,,,,,,,42.338551,-71.018253,
Open Mat,Christmas Eve Open Mat,Gentle Art Dojo,Littleton,Massachusetts,Wednesday,12/24/2025,,,,,,,42.535931,-71.490569,
Open Mat,Holiday Open Mat,CT Submission Grappling,Bridgeport,Connecticut,Wednesday,12/24/2025,,,,,,,41.187393,-73.195757,
Open Mat,Holiday Open Mat,Precision Jiujitsu,Hudson,New Hampshire,Wednesday,12/24/2025,,,,,,,42.760497,-71.409393,
Open Mat,Holiday Open Mat,Radius Martial Arts,Fairfield,Connecticut,Wednesday,12/24/2025,,,,,,,41.175940,-73.272046,
Open Mat,Holiday Open Mat,Primal Jiujitsu,Derry,New Hampshire,Wednesday,12/24/2025,,,,,,,42.887613,-71.282047,
Open Mat,Holiday Open Mat,Atom JiuJitsu,Newton,Massachusetts,Wednesday,12/24/2025,,,,,,,42.331768,-71.208400,
Open Mat,Holiday Open Mat,Pajama Strangle Time,Providence,Rhode Island,Wednesday,12/24/2025,,,,,,,41.823056,-71.418784,
Open Mat,Christmas Eve Open Mat,CT Combat Training Center,Oakville,Connecticut,Wednesday,12/24/2025,,,,,,,41.588972,-73.090475,
Open Mat,Christmas Eve Open Mat,Giannetti Martial Arts,Whitman,Massachusetts,Wednesday,12/24/2025,,,,,,,42.078974,-70.939390,
Open Mat,Holiday Open Mat,Balance Point BJJ,Milford,New Hampshire,Wednesday,12/24/2025,,,,,,,42.818645,-71.673354,
Open Mat,Holiday Open Mat,Unit 232,Littleton,Massachusetts,Wednesday,12/24/2025,,,,,,,42.535931,-71.490569,
Open Mat,Holiday Open Mat,Connors MMA,Norwood,Massachusetts,Thursday,12/25/2025,,,,,,,42.187364,-71.195971,
Open Mat,Holiday Open Mat,South Boston BJJ,Boston,Massachusetts,Thursday,12/25/2025,,,,,,,42.338551,-71.018253,
Open Mat,Holiday Open Mat,CT Submission Grappling,Bridgeport,Connecticut,Thursday,12/25/2025,,,,,,,41.187393,-73.195757,
Open Mat,Holiday Open Mat,Unit 232,Littleton,Massachusetts,Thursday,12/25/2025,,,,,,,42.535931,-71.490569,
Open Mat,Holiday Open Mat,Unit 232,Littleton,Massachusetts,Friday,12/26/2025,,,,,,,42.535931,-71.490569,
Comp,Grappling Industries,,Milford,New Hampshire,Sunday,12/28/2025,,,,,,,42.818645,-71.673354,
Open Mat,New Years Open Mat,Hammer Jiu Jitsu,Fairfield,Connecticut,Wednesday,12/31/2025,,,,,,,41.175940,-73.272046,
Open Mat,New Years Open Mat,Port City BJJ,Kittery,Maine,Wednesday,12/31/2025,,,,,,,43.088143,-70.736162,
Open Mat,New Years Open Mat,Team Link NH,Hooksett,New Hampshire,Wednesday,12/31/2025,,,,,,,43.081242,-71.446616,
Open Mat,New Years Open Mat,RedZone Jiu Jitsu,Monroe,Connecticut,Wednesday,12/31/2025,,,,,,,41.339236,-73.222828,
Open Mat,New Years Open Mat,Dandelion BJJ,West Haven,Connecticut,Wednesday,12/31/2025,,,,,,,41.272121,-72.967497,
Open Mat,New Years Open Mat,Pajama Strangle Time,Providence,Rhode Island,Wednesday,12/31/2025,,,,,,,41.823056,-71.418784,
Open Mat,New Years Open Mat,Balance Point BJJ,Milford,New Hampshire,Wednesday,12/31/2025,,,,,,,42.818645,-71.673354,
Open Mat,New Years Open Mat,Atom JiuJitsu,Newton,Massachusetts,Wednesday,12/31/2025,,,,,,,42.331768,-71.208400,
Open Mat,New Years Open Mat,NESF,Arlington,Massachusetts,Wednesday,12/31/2025,,,,,,,42.418722,-71.163912,
Open Mat,New Years Open Mat,Giannetti Martial Arts,Whitman,Massachusetts,Wednesday,12/31/2025,,,,,,,42.078974,-70.939390,
Open Mat,New Years Open Mat,Precision Jiujitsu,Hudson,New Hampshire,Wednesday,12/31/2025,,,,,,,42.760497,-71.409393,
Open Mat,New Years Open Mat,CT Submission Grappling,Bridgeport,Connecticut,Wednesday,12/31/2025,,,,,,,41.187393,-73.195757,
Open Mat,New Years Open Mat,Gracie Gym,Windham,Maine,Thursday,01/01/2026,,,,,,,43.794689,-70.405329,
Open Mat,New Years Open Mat,Port City BJJ,Kittery,Maine,Thursday,01/01/2026,,,,,,,43.088143,-70.736162,
Open Mat,New Years Open Mat,Team Link NH,Hooksett,New Hampshire,Thursday,01/01/2026,,,,,,,43.081242,-71.446616,
Open Mat,New Years Open Mat,Pajama Strangle Time,Providence,Rhode Island,Thursday,01/01/2026,,,,,,,41.823056,-71.418784,
Open Mat,New Years Open Mat,Balance Point BJJ,Milford,New Hampshire,Thursday,01/01/2026,,,,,,,42.818645,-71.673354,
Open Mat,New Years Open Mat,Mass BJJ The Valley,Devens,Massachusetts,Thursday,01/01/2026,,,,,,,42.543366,-71.614028,
Open Mat,New Years Open Mat,CT Submission Grappling,Bridgeport,Connecticut,Thursday,01/01/2026,,,,,,,41.187393,-73.195757,
Open Mat,New Years Open Mat,Underdog MMA,West Hartford,Connecticut,Friday,01/02/2026,,,,,,,41.766568,-72.754944,
Comp,Grappling Industries,,Boston,Massachusetts,Saturday,01/03/2026,,,,,,,42.338551,-71.018253,
Comp (Invite),Reality Righting,Mohegan Sun Arena,Uncasville,Connecticut,Saturday,01/03/2026,,,,,,,41.434545,-72.109800,
Women's Only,Women’s Only Open Mat,Radius Martial Arts,Fairfield,Connecticut,Sunday,01/04/2026,,,,,,,41.175940,-73.272046,
Open Mat,Mega Mat Open Mat,Coventry BJJ,Coventry,Rhode Island,Sunday,01/04/2026,,,,,,,41.698325,-71.662734,
Open Mat,Women’s Only Open Mat,Fenix BJJ,Tewksbury,Massachusetts,Saturday,01/10/2026,,,,,,,42.612088,-71.227845,
Seminar,Paulo PiuPiu Silva,Brabos Brazilian Jiu Jiutsu,North Andover,Massachusetts,Saturday,01/10/2026,,,,,,,42.673909,-71.091334,
Seminar,Diego Pato,Morselli Jiu Jitsu,Taunton,Massachusetts,Saturday,01/10/2026,,,,,,,41.903324,-71.094987,
Seminar,Marcos Cunha,TMC Danbury BJJ,Danbury,Connecticut,Saturday,01/10/2026,,,,,,,41.398741,-73.478103,
Grand Opening,Leverage Jiu Jitsu Grand Opening,Leverage Jiu Jitsu,Concord,New Hampshire,Saturday,01/10/2026,,,,,,,43.232493,-71.561252,
Women's Only,True Strength All Levels Event,RedZone Jiu Jitsu,Monroe,Connecticut,Sunday,01/11/2026,,,,,,,41.339236,-73.222828,
Women's Only,Women’s Only Open Mat,Team Flo,Tyngsboro,Massachusetts,Tuesday,01/13/2026,,,,,,,42.667762,-71.428820,
Seminar,Marcelo Alonso,Kevin Watson BJJ,Dover,New Hampshire,Saturday,01/17/2026,,,,,,,43.197862,-70.873670,
Comp,Gaman Submission Challenge,,Newtown,Connecticut,Saturday,01/17/2026,,,,,,,41.399503,-73.293982,
Comp (Invite),Fight Back - Women’s Only Invtnl.,Integrated Martial Arts,West Boylston,Massachusetts,Saturday,01/17/2026,,,,,,,42.369417,-71.785036,
Comp (Invite),Flow Sub Only Underground 6,,Rockland,Maine,Saturday,01/17/2026,,,,,,,44.123883,-69.130452,
Open Mat,Spar Club Open Sparring,Iron Lion Team,Bridgeport,Connecticut,Sunday,01/18/2026,,,,,,,41.187393,-73.195757,
Seminar,Nick Fiore,Z Team Jiu Jitsu,Fitchburg,Massachusetts,Wednesday,01/21/2026,,,,,,,42.601977,-71.815870,
Seminar,Luigi Mondelli,Technique BJJ,Prospect,Connecticut,Saturday,01/24/2026,,,,,,,41.499247,-72.975634,
Seminar,Shawn Melanson,Alpha Nerds Facility,Natick,Massachusetts,Saturday,01/24/2026,,,,,,,42.284822,-71.348811,
Seminar,Carlos Henrique,Carlson Gracie Team CT,Stamford,Connecticut,Saturday,01/24/2026,,,,,,,41.079611,-73.546080,
Seminar,Johnny Durett,Underdog MMA,W. Hartford,Connecticut,Saturday,01/24/2026,,,,,,,41.766568,-72.754944,
Grand Opening,Flow With The Go Grand Opening,Flow With The Go Jiu Jitsu,Seabrook,New Hampshire,Saturday,01/24/2026,,,,,,,42.883123,-70.860823,
Open House,Promotion + Anniv Party,Gracie Litchfield Hills,Torrington,Connecticut,Saturday,01/24/2026,,,,,,,41.800652,-73.121221,
Open House,SBG East Coast Open House,SBG East Coast,Dartmouth,Massachusetts,Saturday,01/24/2026,,,,,,,41.613540,-70.970478,
Women's Only,Women’s Only Open Mat *CNCLD,Gate City MMA,Nashua,New Hampshire,Sunday,01/25/2026,,,,,,,42.749074,-71.490544,
Open Mat,Spar Club Open Sparring,Iron Lion Team,Bridgeport,Connecticut,Sunday,01/25/2026,,,,,,,41.187393,-73.195757,
Seminar,Walter Cotito,Elements MMA,Keene,New Hampshire,Friday,01/30/2026,,,,,,,42.933692,-72.278141,
Seminar,Justin “JFLO” Flores,Summit Jiu Jitsu,Stamford,Connecticut,Friday,01/30/2026,,,,,,,41.079611,-73.546080,
Seminar,Phil Cardella,Gracie Jiu Jitsu,Berlin,Connecticut,Saturday,01/31/2026,,,,,,,41.605451,-72.778497,
Seminar,Brian Glick,Sig Sauer Academy,Epping,New Hampshire,Saturday,01/31/2026,,,,,,,43.033417,-71.074230,
Comp,NAGA Grappling,,Tiverton,Rhode Island,Saturday,01/31/2026,,,,,,,41.625944,-71.213379,
Women's Only,Chokes For Chicks,Pajama Strangle Time,Providence,Rhode Island,Sunday,02/01/2026,,,,,,,41.823056,-71.418784,
Seminar,Edvaldo Maguila,Cesario Team Bjj,Leominster,Massachusetts,Sunday,02/01/2026,,,,,,,42.520876,-71.770611,
Seminar,Eduardo Duda Dias,Gracie Barra,South Portland,Maine,Sunday,02/01/2026,,,,,,,43.631402,-70.285989,
Open Mat,Mega Mat Open Mat,Pajama Strangle Time,Providence,Rhode Island,Sunday,02/01/2026,,,,,,,41.823056,-71.418784,
Open Mat,Chokes and Jokes,Pajama Strangle Time,Providence,Rhode Island,Thursday,02/05/2026,,,,,,,41.823056,-71.418784,
Seminar,Priit Mihkelson,Greenwich Jiu Jiutsu Academy,Greenwich,Connecticut,Friday,02/06/2026,,,,,,,41.045366,-73.634018,
Seminar,Priit Mihkelson,Greenwich Jiu Jiutsu Academy,Greenwich,Connecticut,Friday,02/06/2026,,,,,,,41.045366,-73.634018,
Open House,1 Year Anivsry - Open Mat/Party,RedZone Jiu Jitsu,Monroe,Connecticut,Friday,02/06/2026,,,,,,,41.339236,-73.222828,
Seminar,Serge Bouyssou,Elevate Dojo,Exeter,Rhode Island,Saturday,02/07/2026,,,,,,,41.569431,-71.627921,02/02/2026
Seminar,Eduardo Duda Dias,Gracie Barra,Peabody,Massachusetts,Saturday,02/07/2026,,,,,,,42.534310,-70.969443,
Seminar,Junny Ocasio,Clandestine Submissions,Sanford,Maine,Saturday,02/07/2026,,,,,,,43.424142,-70.757859,
Seminar,Kevin Watson,Flow BJJ,Rockland,Maine,Sunday,02/08/2026,,,,,,,44.123883,-69.130452,
Comp,Gaman Mass Open,,Tyngsboro,Massachusetts,Sunday,02/08/2026,,,,,,,42.667762,-71.428820,
Women's Only,Women’s Only Open Mat,Fenix BJJ,Woburn,Massachusetts,Saturday,02/14/2026,,,,,,,42.488703,-71.154383,02/02/2026
Women's Only,Women’s Only Open Mat,Leverage Jiu Jitsu,Concord,New Hampshire,Saturday,02/14/2026,,,,,,,43.232493,-71.561252,02/02/2026
Comp,Gaman Connecticut Open,,Newtown,Connecticut,Saturday,02/14/2026,,,,,,,41.399503,-73.293982,
Comp,United Grappling,,Danbury,Connecticut,Sunday,02/15/2026,,,,,,,41.398741,-73.478103,
Seminar,Roberto Maia,North Shore Bjj,Salem,Massachusetts,Saturday,02/21/2026,,,,,,,42.499248,-70.898204,02/02/2026
Seminar,Meyram Maquine,BTT Boston,Everett,Massachusetts,Saturday,02/21/2026,,,,,,,42.408430,-71.053663,
Seminar,Joel Bane,Technique BJJ,Prospect,Connecticut,Saturday,02/21/2026,,,,,,,41.499247,-72.975634,
Comp,World Championship Grappling,,Sturbridge,Massachusetts,Saturday,02/21/2026,,,,,,,42.108429,-72.078690,
Comp (Invite),Combat Zone 91,,Manchester,New Hampshire,Saturday,02/21/2026,,,,,,,42.984941,-71.444131,
Seminar,Gabriel Sousa,RedZone Jiu Jitsu,Monroe,Connecticut,Sunday,02/22/2026,,,,,,,41.339236,-73.222828,
Women's Only,Women’s Only Open Mat,Gate City MMA,Nashua,New Hampshire,Sunday,02/22/2026,,,,,,,42.749074,-71.490544,
Seminar,Joel Bane,Technique BJJ,Prospect,Connecticut,Sunday,02/22/2026,,,,,,,41.499247,-72.975634,
Open Mat,Winter Open Mat + Potluck,Black Wolf Martial Arts,Madison,Connecticut,Sunday,02/22/2026,,,,,,,41.344479,-72.624543,02/02/2026
Seminar,Placido Santos *RESCHDLD,First Colony BJJ,Marblehead,Massachusetts,Monday,02/23/2026,,,,,,,42.495629,-70.835820,
Women's Only,Mat Sisters - Women’s Open Mat,Team Lawton Martial Arts,Farmingdale,Maine,Friday,02/27/2026,,,,,,,44.260548,-69.827805,02/02/2026
Seminar,Anderson Silverio - White Belt Only,Team Forsa,Woburn,Massachusetts,Saturday,02/28/2026,,,,,,,42.488703,-71.154383,
Seminar,Alex West,Integrated Martial Arts,Worcester,Massachusetts,Saturday,02/28/2026,,,,,,,42.269478,-71.807783,
Comp (Invite),Imperium Jiu Jitsu Tournament,Imperium Martial Arts,North Reading,Massachusetts,Saturday,02/28/2026,,,,,,,42.578401,-71.084448,
Comp,NAGA Grappling,,Hanover,Massachusetts,Saturday,02/28/2026,,,,,,,42.122956,-70.856310,
Women's Only,True Strength Advanced Only,FITE Fit ,Glastonbury,Connecticut,Saturday,03/07/2026,,,,,,,41.691883,-72.552173,02/02/2026
Comp (Invite),TLP Saint Patrick’s Grappling Clash,,Windsor,Connecticut,Saturday,03/07/2026,,,,,,,41.871037,-72.675082,
Kids Event,Free Jiu Jitsu Seminar,Steeple City Jiu Jitsu,North Adams,Massachusetts,Saturday,03/07/2026,,,,,,,42.675565,-73.118114,
Women's Only,Mayara Custodio - Seminar,Renzo Gracie Academy,Smithfield,Rhode Island,Sunday,03/08/2026,,,,,,,41.900945,-71.528890,
Comp,Fuji BJJ,,Wakefield,Massachusetts,Sunday,03/08/2026,,,,,,,42.504361,-71.064061,
Seminar,Luke Griffith,BSF,Boston,Massachusetts,Saturday,03/14/2026,,,,,,,42.338551,-71.018253,02/02/2026
Seminar,Wellington Megaton Dias,Sardinha BJJ,Hyannis,Massachusetts,Saturday,03/14/2026,,,,,,,41.661478,-70.356951,
Seminar,Luke Griffith,Blood Sweat and Tears,Peabody,Massachusetts,Sunday,03/15/2026,,,,,,,42.534310,-70.969443,02/02/2026
Comp,United Grappling *RESCHDLD,,Boston,Massachusetts,Sunday,03/15/2026,,,,,,,42.338551,-71.018253,
Seminar,Greg Souders,South Boston BJJ,Boston,Massachusetts,Saturday,03/21/2026,,,,,,,42.338551,-71.018253,02/02/2026
Seminar,Marcus Buchecha,Daniel Gracie Academy,Northborough,Massachusetts,Saturday,03/21/2026,,,,,,,42.323342,-71.646236,
Comp,United Grappling,,Derry,New Hampshire,Saturday,03/28/2026,,,,,,,42.887613,-71.282047,
Women's Only,Women’s Only Open Mat *RESCHDLD,Gate City MMA,Nashua,New Hampshire,Sunday,03/29/2026,,,,,,,42.749074,-71.490544,
Comp,Grappling Industries,,Boston,Massachusetts,Saturday,04/04/2026,,,,,,,42.338551,-71.018253,
Comp,Grappling Industries,,Warwick,Rhode Island,Saturday,04/11/2026,,,,,,,41.703085,-71.420310,
Women's Only,True Strength All Levels Event,Technique BJJ,Prospect,Connecticut,Sunday,04/19/2026,,,,,,,41.499247,-72.975634,
Comp,Tap Cancer Out,,Fairfield,Connecticut,Saturday,05/02/2026,,,,,,,41.175940,-73.272046,
Comp,IBJJF Boston Spring Open (GI),,Boston,Massachusetts,Saturday,05/09/2026,,,,,,,42.338551,-71.018253,
Comp,IBJJF Boston Spring Open (NO GI),,Boston,Massachusetts,Sunday,05/10/2026,,,,,,,42.338551,-71.018253,
Comp,Grappling Industries,,Milford,New Hampshire,Saturday,05/23/2026,,,,,,,42.818645,-71.673354,
Kids Event,Black Fly Kids Northeast Comp,,Rangeley,Maine,Sunday,06/21/2026,,,,,,,44.969379,-70.724751,
Comp,Grappling Industries,,Boston,Massachusetts,Saturday,07/11/2026,,,,,,,42.338551,-71.018253,
Comp,New Breed Jiu Jitsu,,Newtown,Connecticut,Saturday,07/25/2026,,,,,,,41.399503,-73.293982,
Seminar,Defensive Edge Camp,,Sturbridge,Massachusetts,Friday,08/07/2026,,,,,,,42.108429,-72.078690,
Seminar,Defensive Edge Camp,,Sturbridge,Massachusetts,Saturday,08/08/2026,,,,,,,42.108429,-72.078690,
Seminar,Defensive Edge Camp,,Sturbridge,Massachusetts,Sunday,08/09/2026,,,,,,,42.108429,-72.078690,
Comp,Grappling Industries,,Milford,New Hampshire,Saturday,08/15/2026,,,,,,,42.818645,-71.673354,
Comp,Grappling Industries,,Warwick,Rhode Island,Saturday,09/05/2026,,,,,,,41.703085,-71.420310,
Comp,Grappling Industries,,Boston,Massachusetts,Saturday,10/10/2026,,,,,,,42.338551,-71.018253,
Comp,Grappling Industries,,Milford,New Hampshire,Saturday,11/07/2026,,,,,,,42.818645,-71.673354,
Comp,Tap Cancer Out,,Boston,Massachusetts,Saturday,11/14/2026,,,,,,,42.338551,-71.018253,
Comp,Tap Cancer Out (Kids),,Boston,Massachusetts,Sunday,11/15/2026,,,,,,,42.338551,-71.018253,
Seminar,Vinicius Garcia,Valle Jiu Jitsu,Londonderry,New Hampshire,Saturday,02/07/2026,,,,,,,42.879789,-71.392326,02/03/2026
Seminar,Hiago Gama,Gracie Sports HQ,Norwalk,Connecticut,Saturday,2/28/2026,,,,,,,41.092739,-73.419796,02/03/2026
Grand Opening,MJJ Grand Opening,Morselli Jiu Jitsu,Attleboro,Massachusetts,Saturday,2/28/2026,,,,,,,41.931653,-71.294503,02/04/2026
Kids Event,Beginner’s Youth Tournament,Whaling City Athletic Club,New London,Connecticut,Saturday,3/7/2026,,,,,,,41.332957,-72.096176,02/04/2026
Women's Only,Women’s Only Open Mat,Team Flo,Tyngsboro,Massachusetts,Tuesday,3/10/2026,,,,,,,42.667762,-71.428820,02/05/2026
Seminar,Ricardo “Animal” Migliarese,Gracie Sports,Fairfield,Connecticut,Saturday,4/18/2026,100,100,,y,,y,41.175940,-73.272046,02/05/2026
Seminar,Ryron Gracie,Gracie Sports HQ,Norwalk,Connecticut,Thursday,2/12/2026,,,,,,,41.092739,-73.419796,02/05/2026
Seminar,Dennis Pinto *RESCHDLD,Gentle Art Dojo,Littleton,Massachusetts,Sunday,3/1/2026,,,,,,,42.535931,-71.490569,02/05/2026
Grand Opening,Grip BJJ Grand Opening,Grip Brazilian JiuJitsu,Hudson,Massachusetts,Saturday,2/7/2026,,,,,,,42.389071,-71.545864,02/06/2026
Self Defense,Women’s Self Defense,Gracie Sports,Fairfield,Connecticut,Saturday,3/14/2026,,,,,,,41.175940,-73.272046,02/07/2026
Kids Event,N.E. Youth Regional Training,Ascension Athletics,Bristol,Connecticut,Sunday,3/1/2026,,,,,,,41.681578,-72.940749,02/07/2026
Women's Only,Women’s Only Seminar,Empire BJJ,Freeport,Maine,Friday,2/20/2026,,,,,,,43.844826,-70.089953,02/07/2026
Seminar,Joe Moreira,Combate Real School,Southbridge,Massachusetts,Tuesday,2/24/2026,,,,,,,42.059737,-72.033908,02/07/2026
Seminar,Alexandre “Cafe” Dantas,Gracie Barra,Boston,Massachusetts,Saturday,2/28/2026,,,,,,,42.338551,-71.018253,02/07/2026
Women's Only,Women’s Only Open Mat,Team Forsa,Woburn,Massachusetts,Sunday,3/8/2026,,,,,,,42.488703,-71.154383,02/08/2026
Seminar,Andre “Dedeco” Almeida,Team Flo,Tyngsboro,Massachusetts,Saturday,3/28/2026,80,100,,y,y,,42.667762,-71.428820,02/08/2026
Grand Opening,Atlas Grand Re-Opening,Atlas JiuJitsu,Waltham,Massachusetts,Monday,2/9/2026,,,,,,,42.388921,-71.242268,02/08/2026
Comp,Flow Sub Only - Spring Open,,Rockland,Maine,Sunday,3/29/2026,,,,,,,44.123883,-69.130452,02/09/2026
Comp,Flow Sub Only *RESCHDLD,,Rockland,Maine,Saturday,6/13/2026,,,,,,,44.123883,-69.130452,02/09/2026
Open Mat,Valentine’s Day Open Mat,Pajama Strangle Time,Providence,Rhode Island,Saturday,2/14/2026,,,,,,,41.823056,-71.418784,02/10/2026
Open House,Friday Open House,Daniel Gracie Academy,Hanover,Massachusetts,Friday,2/20/2026,,,,,,,42.122956,-70.856310,02/11/2026
Women's Only,Fernanda Araujo - Self Defense,Defensive Edge MMA,Wakefield,Massachusetts,Wednesday,2/25/2026,,,,,,,42.504361,-71.064061,02/11/2026
Women's Only,Fernanda Araujo - Self Defense,Defensive Edge MMA,Wakefield,Massachusetts,Saturday,2/28/2026,,,,,,,42.504361,-71.064061,02/11/2026
Comp (Invite),LIJJN - Team Series CT,,Windsor,Connecticut,Saturday,3/28/2026,,,,,,,41.871037,-72.675082,02/11/2026
Comp (Invite),Reality Fighting,,Uncasville,Connecticut,Saturday,5/9/2026,,,,,,,41.434545,-72.109800,02/13/2026
Seminar,Elias Morales,Full Circle Martial Arts,Suffield,Connecticut,Friday,2/27/2026,,,,,,,41.999915,-72.678751,02/13/2026
Seminar,Christos Papadelos,Tokyo Joe’s Studios,Hooksett,New Hampshire,Monday,3/16/2026,30,30,,,,,43.081242,-71.446616,02/13/2026
Comp (Invite),ASAP Fighting Championship,,Cranston,Rhode Island,Friday,2/20/2026,,,,,,,41.769734,-71.485049,02/16/2026
Seminar,Mauro Ayres,Vermont BJJ Academy,Williston,Vermont,Saturday,5/2/2026,,,,,,,44.429166,-73.096310,02/16/2026
Seminar,Judo Takedowns: Fernanda + Michelle,Defensive Edge,Wakefield,Massachusetts,Saturday,3/7/2026,,,,,,,42.504361,-71.064061,02/16/2026
Seminar,Judo Takedowns: Fernanda + Michelle,Defensive Edge,Wakefield,Massachusetts,Saturday,3/14/2026,,,,,,,42.504361,-71.064061,02/16/2026
Seminar,Judo Takedowns: Fernanda + Michelle,Defensive Edge,Wakefield,Massachusetts,Saturday,3/21/2026,,,,,,,42.504361,-71.064061,02/16/2026
Seminar,Judo Takedowns: Fernanda + Michelle,Defensive Edge,Wakefield,Massachusetts,Saturday,3/28/2026,,,,,,,42.504361,-71.064061,02/16/2026
Women's Only,Women’s Only Open Mat,Fenix BJJ,Tewksbury,Massachusetts,Saturday,3/14/2026,,,,,,,42.612088,-71.227845,02/17/2026
Comp,IBJJF Boston Spring Open (KIDS),,Boston,Massachusetts,Sunday,5/10/2026,,,,,,,42.338551,-71.018253,02/17/2026
Women's Only,Women’s Only Open Mat,Balance Point BJJ,Milford,New Hampshire,Sunday,2/22/2026,,,,,,,42.818645,-71.673354,02/17/2026
Workshop,Mattera PT Free Inj. Screening,Team Forsa,Woburn,Massachusetts,Sunday,3/8/2026,,,,,,,42.488703,-71.154383,02/17/2026
Seminar,Gustavo Saraiva,Unit 232,Littleton,Massachusetts,Sunday,3/1/2026,,,,,,,42.535931,-71.490569,02/18/2026
Seminar,Luke Griffith (Members Only),Nostros MMA,Somersworth,New Hampshire,Friday,3/13/2026,,,,,,,43.253476,-70.887944,02/18/2026
Seminar,Giancarlo Bodoni,Nostros MMA,Somersworth,New Hampshire,Tuesday,3/31/2026,150,160,,,,,43.253476,-70.887944,02/18/2026
Comp (Invite),Top Level Pro 23,,Windsor,Connecticut,Saturday,6/20/2026,,,,,,,41.871037,-72.675082,02/18/2026
Self Defense,Self Defense - Proceeds to Charity,Atlas JiuJitsu,Waltham,Massachusetts,Saturday,3/14/2026,,,,,,,42.388921,-71.242268,02/19/2026
Women's Only,Frankie Passos/Banana Seminar,Daniel Gracie Academy,Hyannis,Massachusetts,Saturday,3/7/2026,,,,,,,41.661478,-70.356951,02/19/2026
Workshop,WholeHealth Strength+Mobility,Mass BJJ The Valley,Devens,Massachusetts,Saturday,2/21/2026,,,,,,,42.543366,-71.614028,02/19/2026
Seminar,Cleo Ncube Wrestling,Florian Martial Arts,Brookline,Massachusetts,Saturday,2/21/2026,,,,,,,42.323853,-71.142003,02/20/2026
Self Defense,Mayara Custodio No Gi,Gracie Barra,Peabody,Massachusetts,Saturday,3/7/2026,,,,,,,42.534310,-70.969443,02/21/2026
Women's Only,Intl. Women’s Day Class,Endure BJJ,Shelton,Connecticut,Sunday,3/8/2026,,,,,,,41.304577,-73.139215,02/23/2026
Women's Only,Women’s Only Open Mat,Gate City MMA,Nashua,New Hampshire,Sunday,03/22/2026,,,,,,,42.749074,-71.490544,
Seminar,Dennis Pinto,Gentle Art Dojo,Littleton,Massachusetts,Sunday,3/14/2026,50,50,,,,,42.535931,-71.490569,02/05/2026
Comp,Fuji Spring Championship,,Middletown,Connecticut,Saturday,4/18/2026,,,,,,,41.562320,-72.650648,02/24/2026
Open Mat,Mega Mat Open Mat,Whaling City Athletic Club,New London,Connecticut,Sunday,3/1/2026,,,,,,,41.332957,-72.096176,02/25/2026
Seminar,Christos Papadelos,Mau Mau BJJ,Medford,Massachusetts,Tuesday,3/17/2026,30,30,,,,,42.423844,-71.109231,02/25/2026
Seminar,Christos Papadelos,Imperium Martial Arts,North Reading,Massachusetts,Friday,3/13/2026,40,40,,,,,42.578401,-71.084448,02/25/2026
Workshop,IBJJF Rules Seminar: George+Chico,Soneca BJJ,Marlborough,Massachusetts,Friday,3/6/2026,,,,,,,42.349617,-71.547214,02/27/2026
Women's Only,Women’s Open Mat,Radius Martial Arts,Fairfield,Connecticut,Sunday,3/1/2026,,,,,,,41.175940,-73.272046,02/28/2026
Seminar,Alexandre ‘Vaca’ Moreira,Tokyo Joe’s Studios,Hooksett,New Hampshire,Saturday,3/7/2026,,,,,,,43.081242,-71.446616,03/01/2026
Seminar,Andre ‘Dedeco’ Almeida,Bazzani Martial Arts,Nashua,New Hampshire,Saturday,3/14/2026,80,80,,,,,42.749074,-71.490544,03/02/2026
Seminar,Adam Wardzinski,Broadway Jiu Jitsu,Boston,Massachusetts,Saturday,3/21/2026,125,125,,y,y,,42.338551,-71.018253,03/02/2026
Comp (Invite),ASAP Fighting Championship,,Cranston,Rhode Island,Sunday,4/26/2026,,,,,,,41.769734,-71.485049,03/03/2026
Comp (Invite),Combat Collision 9,,Oakville,Connecticut,Sunday,5/24/2026,,,,,,,41.588972,-73.090475,03/03/2026
Women's Only,Women Only Open Mat,Newaza Jiu Jitsu,Fitchburg,Massachusetts,Sunday,4/12/2026,,,,,,,42.601977,-71.815870,03/04/2026
Seminar,Todd Brown (GI),Monadnock BJJ,Swanzey,New Hampshire,Saturday,3/21/2026,60,60,,y,y,,42.858271,-72.296360,03/05/2026
Seminar,Todd Brown (NO GI),Monadnock BJJ,Swanzey,New Hampshire,Friday,3/20/2026,60,60,,y,y,,42.858271,-72.296360,03/05/2026
Seminar,Ademir Barreto,Newaza Jiu Jitsu,Fitchburg,Massachusetts,Thursday,5/7/2026,,,,,,,42.601977,-71.815870,03/05/2026
Workshop,Adaptive Jiu Jitsu,Gracie Sports,Fairfield,Connecticut,Saturday,3/7/2026,,,,,,,41.175940,-73.272046,03/05/2026
Women's Only,Women’s Only Class + Defense,RedZone Jiu Jitsu,Monroe,Connecticut,Saturday,3/7/2026,,,,,,,41.339236,-73.222828,03/05/2026
Seminar,Murilo Bustamante,BTT Boston,Everett,Massachusetts,Sunday,3/8/2026,,,,,,,42.408430,-71.053663,03/05/2026
Seminar,Julio Migliorini,Gracie Sports,Fairfield,Connecticut,Saturday,3/7/2026,,,,,,,41.175940,-73.272046,03/05/2026
Comp (Invite),Imperium Open,Imperium Martial Arts,North Reading,Massachusetts,Saturday,5/23/2026,,,,,,,42.578401,-71.084448,03/06/2026
Workshop,NP - Shoulder and Elbow Resilience,Underdog MMA,West Hartford,Connecticut,Saturday,3/21/2026,20,20,,,,y,41.766568,-72.754944,03/06/2026
Seminar,Anderson Silverio: Blue/Purple Passing,Team Forsa,Woburn,Massachusetts,Saturday,4/4/2026,35,50,,,,,42.488703,-71.154383,03/06/2026
Seminar,14th Anniv. + Roberto Maia,Mass BJJ,Arlington,Massachusetts,Saturday,4/4/2026,60,120,,y,,,42.418722,-71.163912,03/06/2026
Comp,Versus Combat Series,,Bangor,Maine,Saturday,5/2/2026,,,,,,,44.801182,-68.777813,03/06/2026
Open Mat,Spar Club Open Sparring,Iron Lion Team,Bridgeport,Connecticut,Friday,3/20/2026,,,,,,,41.187393,-73.195757,03/07/2026
Open Mat,Spar Club Open Sparring,Iron Lion Team,Bridgeport,Connecticut,Sunday,3/29/2026,,,,,,,41.187393,-73.195757,03/07/2026
Comp (Invite),LIJJN - Team Series CT 2,Cruvinel Brothers,Monroe,Connecticut,Tuesday,4/18/2026,,,,,,,41.339236,-73.222828,03/07/2026
Seminar,Ryron Gracie,Gracie Jiu Jitsu,Dedham,Massachusetts,Friday,3/20/2026,,,,,,,42.246872,-71.179462,03/08/2026
Seminar,Dima Murovanni,South Boston BJJ,Boston,Massachusetts,Friday,4/24/2026,,,,,,,42.338551,-71.018253,03/09/2026
Comp,NAGA Grappling,,Hanover,Massachusetts,Saturday,6/20/2026,,,,,,,42.122956,-70.856310,03/09/2026
Comp,NAGA Grappling,,Newtown,Connecticut,Saturday,6/13/2026,,,,,,,41.399503,-73.293982,03/09/2026
Seminar,Placido Santos *RESCHDLD,First Colony BJJ,Marblehead,Massachusetts,Monday,3/16/2026,,,,,,,42.495629,-70.835820,03/09/2026
Comp (Invite),Jiu Jitsu Showdown,Middlebury Jiu Jitsu,Middlebury,Vermont,Sunday,4/26/2026,,,,,,,44.001900,-73.119047,03/11/2026
Open Mat,RedZone Open Mat,RedZone Jiu Jitsu,Monroe,Connecticut,Saturday,3/14/2026,,,,,,,41.339236,-73.222828,03/11/2026
Workshop,Mobility For MMA/BJJ,Imperium Martial Arts,North Reading,Massachusetts,Monday,3/16/2026,,,,,,,42.578401,-71.084448,03/11/2026
Self Defense,Women’s Only Self Defense,Flow With The Go Jiu Jitsu,Seabrook,New Hampshire,Saturday,3/28/2026,,25,,,,y,42.883123,-70.860823,03/12/2026
Seminar,Robson Barros,Daniel Gracie Academy,Hyannis,Massachusetts,Saturday,3/28/2026,70,70,,,,y,41.661478,-70.356951,03/13/2026
Kids Event,Wallace Castro Team,Cruvinel Brothers,Monroe,Connecticut,Thursday,3/20/2026,,,,,,,41.339236,-73.222828,03/13/2026
Seminar,Royce Gracie,Royce Gracie Academy,Glastonbury,Connecticut,Monday,5/4/2026,,,,,,,41.691883,-72.552173,03/14/2026
Seminar,Marcelo Siqueira,Off Your Back Academy,Salem,New Hampshire,Sunday,6/14/2026,,,,,,,42.788267,-71.221725,03/15/2026
Seminar,Jake Smith,Umass Amherst,Amherst,Massachusetts,Saturday,3/28/2026,,,,,,,42.363534,-72.507291,03/15/2026
Comp,United Grappling,,Boston,Massachusetts,Sunday,03/29/2026,,,,,,,42.338551,-71.018253,03/15/2026
Seminar,Jay Hanley,Dark Arts Jiu Jitsu,Brentwood,New Hampshire,Saturday,3/21/2026,,,,,,,42.983723,-71.053998,03/15/2026
Seminar,Joel Bane,Snake Pit USA MMA,Billerica,Massachusetts,Saturday,6/6/2026,60,60,,,,y,42.559674,-71.260948,03/15/2026
Seminar,Placido Santos,First Colony BJJ,Marblehead,Massachusetts,Monday,3/23/2026,80,100,,,,,42.495629,-70.835820,03/16/2026
Seminar,Giancarlo Bodoni,5 Stones Jiu Jitsu,Millbury,Massachusetts,Saturday,4/4/2026,,,,,,,42.192246,-71.777649,03/17/2026
Seminar,Kenneth Brach,Kevin Watson BJJ,Dover,New Hampshire,Friday,5/1/2026,,,,,,,43.197862,-70.873670,03/17/2026
Open Mat,Mega Open Mat,Soulcraft/Macarra BJJ,Hamden,Connecticut,Saturday,4/4/2026,,,,,,,41.397329,-72.922226,03/17/2026
Comp,IBJJF Boston Spring Open (GI),,Boston,Massachusetts,Saturday,10/24/2026,,,,,,,42.338551,-71.018253,03/19/2026
Comp,IBJJF Boston Spring Open (NO GI),,Boston,Massachusetts,Sunday,10/24/2026,,,,,,,42.338551,-71.018253,03/19/2026
Comp,IBJJF Boston Spring Open (KIDS),,Boston,Massachusetts,Sunday,10/24/2026,,,,,,,42.338551,-71.018253,03/19/2026
Women's Only,Women’s Only Class,Soneca BJJ,Marlboro,Massachusetts,Sunday,3/22/2026,,,,,,,42.349617,-71.547214,03/19/2026
Comp (Invite),lIJJN: Brew Jitsu CT,,Milldale,Connecticut,Sunday,6/14/2026,,,,,,,41.563988,-72.894271,03/20/2026
Women's Only,Women’s Guard Passing Class,Vaca BJJ,W. Springfield,Massachusetts,Saturday,4/11/2026,,,,,,,42.115454,-72.539978,03/21/2026
Comp (Invite),World Championship Grappling,,Sturbridge,Massachusetts,Saturday,6/6/2026,,,,,,,42.108429,-72.078690,03/21/2026
Seminar,Mauro Ayres,Carlson Gracie CT,New Haven,Connecticut,Saturday,4/4/2026,,,,,,,41.310809,-72.924953,03/22/2026
Comp (Invite),Ivy League Jiu Jitsu Tournament,,Cambridge,Massachusetts,Saturday,4/18/2026,,,,,,,42.376043,-71.118680,03/25/2026
Seminar,Rolles Gracie,Renzo Gracie Academy,Smithfield,Rhode Island,Saturday,6/6/2026,80,80,,,Y,,41.900945,-71.528890,03/25/2026
Charity Event,Beginner Wrkshp: Spec. Olympics Bnft.,Technique BJJ,Prospect,Connecticut,Saturday,4/11/2026,20,20,,,,Y,41.499247,-72.975634,03/25/2026
Charity Event,Open Mat: Spec. Olympics Bnft.,Technique BJJ,Prospect,Connecticut,Saturday,4/11/2026,20,20,,,,Y,41.499247,-72.975634,03/25/2026
Seminar,Mauro Ayres,Carlson Gracie RI,Westerly,Rhode Island,Friday,4/3/2026,,,,,,,41.323428,-71.802458,03/26/2026
Seminar,Steve Lyons & Cool Mike,Danny Savery,Somerset,Massachusetts,Saturday,4/18/2026,,,,,,,41.738483,-71.165053,03/26/2026
Seminar,Vinicius Draculino Magalhaes,Gracie Barra,Braintree,Massachusetts,Sunday,5/24/2026,139,159,,,,,42.206188,-71.002320,03/29/2026
Open House,Day 1 - Soft Opening,Day 1 Jiujitsu,Newton,Massachusetts,Saturday,4/4/2026,,,,,,,42.331768,-71.208400,03/29/2026
Open Mat,Club Underdog,Underdog MMA,West Hartford,Connecticut,Friday,4/24/2026,20,20,,,,,41.766568,-72.754944,03/30/2026
Women's Only,Women’s Open Mat,Fenix BJJ,Woburn,Massachusetts,Saturday,4/11/2026,,,,,,,42.488703,-71.154383,03/31/2026
Seminar,Cleopas Ncube,Florian Martial Arts,Brookline,Massachusetts,Saturday,4/4/2026,25,25,,,,,42.323853,-71.142003,04/01/2026
Seminar,Juliano “Banana” Coutinho,Daniel Gracie Academy,Northborough,Massachusetts,Saturday,4/25/2026,,,,,,Y,42.323342,-71.646236,04/02/2026
Workshop,Erich Muniz Training Camp,Brazilian Top Team,Boston,Massachusetts,Tuesday,8/28/2026,,,,,,,42.338551,-71.018253,04/02/2026
Workshop,Erich Muniz Training Camp,Brazilian Top Team,Boston,Massachusetts,Wednesday,8/29/2026,,,,,,,42.338551,-71.018253,04/02/2026
Workshop,Erich Muniz Training Camp,Brazilian Top Team,Boston,Massachusetts,Thursday,8/30/2026,,,,,,,42.338551,-71.018253,04/02/2026
Women's Only,Ladies Open Mat,Team Flo,Tyngsboro,Massachusetts,Tuesday,5/5/2026,,,,,,,42.667762,-71.428820,04/02/2026
Open Mat,Tribute to Master Marcio Memorial,Gracie Sports HQ,Norwalk,Connecticut,Saturday,4/4/2026,,,,,,,41.092739,-73.419796,04/03/2026
Seminar,Tom DeBlass,Flow BJJ,Rockland,Maine,Saturday,7/25/2026,100,125,,,Y,,44.123883,-69.130452,04/03/2026
Women's Only,TrueStrength - Advanced Open Mat,Dandelion BJJ,West Haven,Connecticut,Sunday,6/7/2026,,,,,,,41.272121,-72.967497,04/03/2026
Women's Only,TrueStrength - All Level Open Mat,Endure BJJ,Shelton,Connecticut,Sunday,7/12/2026,,,,,,,41.304577,-73.139215,04/03/2026
Women's Only,Mat Sisters - Women’s Open Mat,Team Lawton Martial Arts,Farmingdale,Maine,Friday,4/17/2026,,,,,,,44.260548,-69.827805,04/04/2026
Seminar,Pete ‘The Greek’ Letsos,Shoreline BJJ,Old Saybrook,Connecticut,Saturday,4/18/2026,100,100,,Y,,,41.291765,-72.376195,04/04/2026
Open House,1yr Ann. - Open Mat + BBQ,Giannetti Martial Arts,Whitman,Massachusetts,Saturday,6/6/2026,,,,,,,42.078974,-70.939390,04/04/2026
Open Mat,Mega Mat Open Mat,Regiment Training Center,Fall River,Massachusetts,Sunday,4/12/2026,,,,,,,41.725351,-71.094162,04/06/2026
Seminar,Mario Sperry (Gi),Ginsberg BJJ,Cambridge,Massachusetts,Saturday,4/25/2026,90,90,,,Y,,42.376043,-71.118680,04/06/2026
Seminar,Mario Sperry (No Gi),Ginsberg BJJ,Cambridge,Massachusetts,Sunday,4/26/2026,90,90,,,Y,,42.376043,-71.118680,04/06/2026
Women's Only,Women’s Only Open Mat,Gate City MMA,Nashua,New Hampshire,Sunday,4/26/2026,,,,,,,42.749074,-71.490544,04/06/2026
Seminar,Alex Davis + Big Foot Silva,,Malden,Massachusetts,Saturday,5/16/2026,,,,,,,42.425096,-71.066163,04/07/2026
Seminar,Pete ‘The Greek’ Letsos,UFC Gym,Boston,Massachusetts,Sunday,4/19/2026,,,,,,,42.338551,-71.018253,04/07/2026
Women's Only,Women’s Open Mat,Bazzani Martial Arts,Nashua,New Hampshire,Saturday,4/25/2026,,,,,,,42.749074,-71.490544,04/09/2026
Women's Only,Chokes for Chicks,Pajama Strangle Time,Providence,Rhode Island,Sunday,4/12/2026,,,,,,,41.823056,-71.418784,04/11/2026
Seminar,Shawn Melanson,Team Link NH,Hooksett,New Hampshire,Saturday,5/16/2026,,,,,,,43.081242,-71.446616,04/12/2026
Seminar,Greg Souders,CT Submission Grappling,Bridgeport,Connecticut,Sunday,7/26/2026,,,,,,,41.187393,-73.195757,04/13/2026
Seminar,Shawn Melanson,Black Bear BJJ,Augusta,Maine,Saturday,6/20/2026,,,,,,,44.334904,-69.734199,04/13/2026
Seminar,Marcio Barbosa + Rafael Araujo,Luiz Paulo Jiu Jitsu,Norwood,Massachusetts,Friday,4/24/2026,,,,,,,42.187364,-71.195971,04/13/2026
Seminar,Justin ‘JFLO’ Flores,Invictus Training Center,Beverly,Massachusetts,Wednesday,5/13/2026,,,,,,,42.556659,-70.844960,04/15/2026
Workshop,Mattera PT Knee + Shoudler Seminar,Team Forsa,Woburn,Massachusetts,Sunday,6/14/2026,,,,,,,42.488703,-71.154383,04/16/2026
Workshop,IBJJF Rules Seminar: George+Chico,Submit Your Friend Academy,Boston,Massachusetts,Friday,4/17/2026,,,,,,,42.338551,-71.018253,04/16/2026
Comp (Invite),IGC: 19,Ascension Athletics,Bristol,Connecticut,Sunday,6/7/2026,,,,,,,41.681578,-72.940749,04/17/2026
Seminar,Justin ‘JFLO’ Flores,Broadway Jiu Jitsu,Boston,Massachusetts,Tuesday,5/12/2026,,,,,,,42.338551,-71.018253,04/19/2026
Seminar,Shawn Melanson,Leverage Jiu Jitsu,Concord,New Hampshire,Saturday,5/9/2026,,,,,,,43.232493,-71.561252,04/19/2026
Seminar,Ryan Harding Wrestling Series,Invictus Training Center,Beverly,Massachusetts,Friday,5/01/2026,,,,,,,42.556659,-70.844960,04/20/2026
Seminar,Ryan Harding Wrestling Series,Invictus Training Center,Beverly,Massachusetts,Friday,5/08/2026,,,,,,,42.556659,-70.844960,04/20/2026
Seminar,Ryan Harding Wrestling Series,Invictus Training Center,Beverly,Massachusetts,Friday,5/15/2026,,,,,,,42.556659,-70.844960,04/20/2026
Seminar,Ryan Harding Wrestling Series,Invictus Training Center,Beverly,Massachusetts,Friday,5/22/2026,,,,,,,42.556659,-70.844960,04/20/2026
Seminar,Ryan Harding Wrestling Series,Invictus Training Center,Beverly,Massachusetts,Friday,5/29/2026,,,,,,,42.556659,-70.844960,04/20/2026
Seminar,Ryan Harding Wrestling Series,Invictus Training Center,Beverly,Massachusetts,Friday,6/05/2026,,,,,,,42.556659,-70.844960,04/20/2026
Seminar,Jair Lourenco,Vaca BJJ,W. Springfield,Massachusetts,Friday,5/29/2026,,,,,,,42.115454,-72.539978,04/20/2026
Seminar,Jair Lourenco,Vaca BJJ,W. Springfield,Massachusetts,Saturday,5/30/2026,,,,,,,42.115454,-72.539978,04/20/2026
Grand Opening,Bernardo Faria+Matheus Diniz Seminar,Day 1 Jiujitsu,Newton,Massachusetts,Saturday,4/25/2026,,,,,,,42.331768,-71.208400,04/20/2026
Workshop,Injury Prevention + Mobility,Imperium Martial Arts,North Reading,Massachusetts,Friday,5/1/2026,,,,,,,42.578401,-71.084448,04/20/2026
Seminar,Dean Lister,Evolution Performance Center,Tewksbury,Massachusetts,Saturday,6/13/2026,,,,,,,42.612088,-71.227845,04/20/2026
Seminar,Michael Pixley,Team Santos,Pawtucket,Rhode Island,Sunday,5/17/2026,,,,,,,41.874824,-71.373323,04/22/2026
Seminar,Mike Pellegrino,Acadia Brazilian Jiu Jitsu,Ellsworth,Maine,Saturday,5/30/2026,,,,,,,44.582930,-68.480094,04/24/2026
Women's Only,Women’s Open Mat,The Academy,Portland,Maine,Sunday,4/26/2026,,,,,,,43.6590993,-70.2568189,04/26/2026
Seminar,Andrew Than - BJJ for Beginners,310 Jiujitsu,Hudson,New Hampshire,Saturday,5/23/2026,,,,,,,42.7647542,-71.4398237,04/26/2026
Seminar,Carlson Gracie Jr,Carlson Gracie RI,Westerly,Rhode Island,Friday,5/8/2026,,,,,,,41.3775987,-71.8272871,04/26/2026
Seminar,Carlson Gracie Jr,Carlson Gracie CT,New Haven,Connecticut,Saturday,5/9/2026,,,,,,,41.3082740,-72.9278835,04/27/2026
Seminar,Carlson Gracie Jr,Carlson Gracie CT,New Haven,Connecticut,Sunday,5/10/2026,,,,,,,41.3082740,-72.9278835,04/27/2026
Open Mat,Mega Mat Open Mat,Team Santos,Pawtucket,Rhode Island,Sunday,5/3/2026,,,,,,,41.8787110,-71.3825558,04/27/2026
Comp (Invite),CHQ: Quintet,,Berlin,Connecticut,Saturday,6/20/2026,,,,,,,41.6214880,-72.7456519,04/28/2026
Seminar,Alexey Pickerell,Alexey BJJ,Westbrook,Maine,Saturday,5/16/2026,,,,,,,43.6770252,-70.3711617,04/28/2026
Open Mat,Open Training for Everyone,Fight for Life,Marlborough,Massachusetts,Saturday,5/2/2026,,,,,,,42.3459271,-71.5522874,04/28/2026
Comp,Newbreed BJJ,,Tiverton,Rhode Island,Saturday,6/27/2026,,,,,,,41.6259211,-71.2134231,04/29/2026
Seminar,Rafael Leite,Gracie Gym,Windham,Maine,Thursday,5/7/2026,,,,,,,43.8342439,-70.4383893,04/29/2026
Open Mat,Small Brawl: <165 Blue Belt+,FITE Fit,Glastonbury,Connecticut,Saturday,5/30/2026,,,,,,,41.7123218,-72.6081466,04/30/2026
Seminar,Roberto Jimenez,Flow With The Go Jiu Jitsu,Seabrook,New Hampshire,Saturday,7/11/2026,,,,,,,42.8948055,-70.8711630,05/01/2026
Seminar,Dean Lister,Dosier Jiu Jitsu,Pittsfield,Massachusetts,Sunday,6/14/2026,,,,,,,42.4484778,-73.2541069,05/03/2026
Seminar,Michael Pixley,Worcester MMA,Worcester,Massachusetts,Saturday,5/16/2026,,,,,,,42.2625621,-71.8018877,05/04/2026
Comp,Versus Combat Series: Trials 2,,Bangor,Maine,Sunday,7/19/2026,,,,,,,44.8016255,-68.7713289,05/04/2026
Seminar,Roberto Jimenez,Fifth Element Academy,Greenwich,Connecticut,Saturday,6/27/2026,,,,,,,41.0264862,-73.6284598,05/05/2026
Seminar,Roberto Maia,Mass BJJ,Acton,Massachusetts,Sunday,5/31/2026,,,,,,,42.4850931,-71.4328400,05/05/2026
Open Mat,Chill n’ Grill,Coventry BJJ,Coventry,Rhode Island,Saturday,6/27/2026,,,,,,,41.7000996,-71.6828444,05/06/2026
Open Mat,Bring a Friend Open Mat,Valle JiuJitsu,Londonderry,New Hampshire,Saturday,5/30/2026,,,,,,,42.8650869,-71.3739532,05/06/2026
Seminar,Jean Dalua Cartagena,Integrated Martial Arts,West Boylston,Massachusetts,Saturday,6/6/2026,,,,,,,42.3680073,-71.7845326,05/07/2026
Grand Opening,GB Plaistow Soft Opening,Gracie Barra,Plaistow,New Hampshire,Monday,5/11/2026,,,,,,,42.8364781,-71.0947805,05/10/2026
Open Mat,40+ Open Mat,Cruvinel Brothers,Monroe,Connecticut,Sunday,5/31/2026,,,,,,,41.3325962,-73.2073358,05/11/2026
Seminar,Royce Gracie,Gracie Sports,Fairfield,Connecticut,Friday,7/17/2026,,,,,,,41.1412078,-73.2637258,05/12/2026
Open Mat,Memorial Day Open Mat + BBQ: 10AM,Lauzon MMA,Canton,Massachusetts,Monday,5/25/2026,,,,,,,42.1584324,-71.1447732,05/12/2026
Women's Only,Women’s Open Mat,Gate City MMA,Nashua,New Hampshire,Sunday,5/31/2026,,,,,,,42.7656251,-71.4677032,05/12/2026
Comp (Invite),ASAP Fighting Championship,,Cranston,Rhode Island,Sunday,9/27/2026,,,,,,,41.7795880,-71.4366813,05/13/2026
Open Mat,Kill The Cult: Open Mat,Integrated Martial Arts,Worcester,Massachusetts,Saturday,6/13/2026,,,,,,,42.2625621,-71.8018877,05/15/2026
Seminar,Shawn Melanson,Steeple City Jiu Jitsu,North Adams,Massachusetts,Saturday,8/8/2026,,,,,,,42.6990349,-73.1118997,05/17/2026
Open Mat,Memorial Day Open Mat: 11:30AM,310 Jiujitsu,Hudson,New Hampshire,Monday,5/25/2026,,,,,,,42.7655784,-71.4393423,05/18/2026
Open Mat,Memorial Day Open Mat: 9AM,Gentle Art Dojo,Littleton,Massachusetts,Monday,5/25/2026,,,,,,,42.5375917,-71.5120096,05/18/2026
Women's Only,Mat Sisters Open Mat,Team Lawton Martial Arts,Farmingdale,Maine,Friday,6/12/2026,,,,,,,44.2589664,-69.7763246,05/19/2026
Open Mat,Memorial Day Open Mat: 10AM,RedZone Jiu Jitsu,Monroe,Connecticut,Monday,5/25/2026,,,,,,,41.3325962,-73.2073358,05/20/2026
Open Mat,Memorial Day Open Mat: 9AM,Primal Jiujitsu,Derry,New Hampshire,Monday,5/25/2026,,,,,,,42.8808677,-71.3264492,05/20/2026
Open Mat,Memorial Day Open Mat: 10AM,Precision Jiujitsu,Hudson,New Hampshire,Monday,5/25/2026,,,,,,,42.7655784,-71.4393423,05/20/2026
Open Mat,Memorial Day Open Mat: 9AM,Giannetti Martial Arts,Whitman,Massachusetts,Monday,5/25/2026,,,,,,,42.0806617,-70.9355990,05/20/2026
Open Mat,Memorial Day Open Mat: 10AM,Unit 232,Littleton,Massachusetts,Monday,5/25/2026,,,,,,,42.5375917,-71.5120096,05/20/2026
Seminar,Bebeto Oliveira,Newaza Jiu Jitsu,Fitchburg,Massachusetts,Thursday,7/9/2026,,,,,,,42.5838984,-71.8038268,05/20/2026
Open Mat,Special Open Mat,Fight for Life,Marlborough,Massachusetts,Friday,5/22/2026,,,,,,,42.3468589,-71.5525188,05/21/2026
Open Mat,Memorial Day Open Mat: 6PM,BSF,Arlington,Massachusetts,Monday,5/25/2026,,,,,,,42.4153739,-71.1564428,05/21/2026
Open Mat,Memorial Day Open Mat: 10AM,CT Submission Grappling,Bridgeport,Connecticut,Monday,5/25/2026,,,,,,,41.1792695,-73.1887863,05/21/2026
Comp,Next Generation of Grappling,,Berlin,Connecticut,Friday,7/17/2026,,,,,,,41.6214880,-72.7456519,05/21/2026
Comp,Flow Sub Only - Fall Open,,Rockland,Maine,Sunday,10/25/2026,,,,,,,44.123883,-69.130452,05/22/2026
Open Mat,Memorial Day Open Mat: 9:30AM,Morselli Jiu Jitsu,Taunton,Massachusetts,Monday,5/25/2026,,,,,,,41.9019257,-71.0931485,05/22/2026
Open Mat,Memorial Day Open Mat: 9:30AM,Grip BJJ,Hudson,Massachusetts,Monday,5/25/2026,,,,,,,42.3913503,-71.5676895,05/23/2026
Open Mat,Memorial Day Open Mat: 10AM,Pajama Strangle Time,Providence,Rhode Island,Monday,5/25/2026,,,,,,,41.8239891,-71.4128343,05/23/2026
Open Mat,Memorial Day Open Mat: 10AM,Secret Pages BJJ,Vernon,Connecticut,Monday,5/25/2026,,,,,,,41.8382921,-72.4663331,05/23/2026
Open Mat,Memorial Day Open Mat: 11AM,Ronin BJJ,New Haven,Connecticut,Monday,5/25/2026,,,,,,,41.3082138,-72.9250518,05/24/2026
Open Mat,Memorial Day Open Mat: 10AM,Hammer Jiu Jitsu,Fairfield,Connecticut,Monday,5/25/2026,,,,,,,41.1412078,-73.2637258,05/24/2026
Open Mat,Memorial Day Open Mat: 6PM,Invictus Training Center,Beverly,Massachusetts,Monday,5/25/2026,,,,,,,42.5489744,-70.8781883,05/24/2026
Open Mat,Memorial Day Open Mat: 6PM,Ironhold Jiu Jitsu,Agawam,Massachusetts,Monday,5/25/2026,,,,,,,42.0688621,-72.6151604,05/24/2026
Open Mat,Memorial Day Open Mat: 12PM,Upper Level BJJ,Hudson,Massachusetts,Monday,5/25/2026,,,,,,,42.3913503,-71.5676895,05/24/2026
Seminar,Charles Harriott,Team Lawton Martial Arts,Farmingdale,Maine,Monday,6/1/2026,,,,,,,44.2589664,-69.7763246,05/25/2026
Seminar,Caio Terra,Worcester MMA,Worcester,Massachusetts,Sunday,7/26/2026,,,,,,,42.2625621,-71.8018877,05/26/2026
Comp,Newbreed,,Tiverton,Rhode Island,Saturday,10/31/2026,,,,,,,41.6257406,-71.1663330,05/26/2026
Comp,Grappling Industries,,New Haven,Connecticut,Saturday,12/19/2026,,,,,,,41.3082138,-72.9250518,05/26/2026
Comp,NAGA Grappling,,Tiverton,Rhode Island,Saturday,9/12/2026,,,,,,,41.6257406,-71.1663330,05/26/2026
Comp,Newbreed,,Hanover,Massachusetts,Saturday,8/22/2026,,,,,,,42.1131572,-70.8119859,05/26/2026
Comp,NAGA Grappling,,Tyngsborough,Massachusetts,Saturday,8/15/2026,,,,,,,42.6761451,-71.4227726,05/26/2026
Seminar,Nicky Ryan,The Academy,Portland,Maine,Thursday,7/2/2026,,,,,,,43.6573605,-70.2586618,05/27/2026
Seminar,Shawn Melanson,VIA Academy,Milford,Connecticut,Sunday,7/19/2026,,,,,,,41.2222218,-73.0570603,05/27/2026
Seminar,Shawn Melanson,Integrated Martial Arts,Worcester,Massachusetts,Saturday,8/15/2026,,,,,,,42.2625621,-71.8018877,05/27/2026
Open Mat,Mega Mat Open Mat,Playground JiuJitsu,East Providence,Rhode Island,Sunday,6/7/2026,,,,,,,41.8194081,-71.3762570,05/29/2026
Grand Opening,Opening Day + SLX/X Seminar,Shuhari Jiu Jitsu,Kennebunkport,Maine,Saturday,6/20/2026,,,,,,,43.3614989,-70.4771132,05/30/2026
Seminar,Henry Akins,SBG East Coast,Dartmouth,Massachusetts,Saturday,7/25/2026,,,,,,,41.6386894,-70.9933545,05/30/2026
Women's Only,Women’s Only Open Mat,Fenix BJJ,Woburn,Massachusetts,Saturday,6/13/2026,,,,,,,42.4792618,-71.1522766,06/01/2026
Seminar,Rafael Leite,Bear Clan Jiu Jitsu,Oakland,Maine,Thursday,6/11/2026,,,,,,,44.5477088,-69.7160522,06/01/2026
Kids Event,Kalel Santos + Leandro Lima Kids Gi,Kairos,Higganum,Connecticut,Sunday,6/7/2026,,,,,,,41.4855475,-72.5489000,06/02/2026
Women's Only,Women’s Open Mat,Team Link,Webster,Massachusetts,Saturday,6/6/2026,,,,,,,42.0501373,-71.8803308,06/02/2026
Comp (Invite),Fight Back - Women’s Only Invtnl.,Integrated Martial Arts,West Boylston,Massachusetts,Sunday,10/11/2026,,,,,,,42.3680073,-71.7845326,06/02/2026
Kids Event,Youth Cross Training,Soulcraft Martial Arts,Hamden,Connecticut,Saturday,6/27/2026,,,,,,,41.3836233,-72.9020069,06/02/2026
Open Mat,Holiday Open Mat: 9AM,310 Jiujitsu,Hudson,New Hampshire,Saturday,7/4/2026,,,,,,,42.7655784,-71.4393423,06/03/2026
Seminar,Andrew Jacobs Judo for BJJ,Lauzon MMA,Raynham,Massachusetts,Saturday,6/13/2026,,,,,,,41.9487118,-71.0731008,06/03/2026
Open Mat,Community BBQ + Open Mat,Fenix BJJ,Littleton,New Hampshire,Saturday,6/27/2026,,,,,,,44.3063899,-71.7710705,06/04/2026
Open Mat,Soft Opening + Open Mat,Last Round Martial Arts,Skowhegan,Maine,Tuesday,6/9/2026,,,,,,,44.7558635,-69.6656301,06/04/2026
Seminar,Daniel “Coyote” Souza,Cesario Team BJJ,Leominster,Massachusetts,Saturday,7/11/2026,,,,,,,42.5267443,-71.7614891,06/04/2026
Seminar,Alex West,Integrated Martial Arts,Worcester,Massachusetts,Saturday,6/13/2026,,,,,,,42.2625621,-71.8018877,06/07/2026
Grand Opening,Official Grand Opening,Z Team Jiu Jitsu,Fitchburg,Massachusetts,Sunday,6/28/2026,,,,,,,42.5838984,-71.8038268,06/07/2026
Open Mat,Holiday Open Mat: 9AM,Giannetti Martial Arts,Whitman,Massachusetts,Saturday,7/4/2026,,,,,,,42.0806617,-70.9355990,06/07/2026
Comp,CHQ: Proving Grounds III,,Berlin,Connecticut,Friday,7/17/2026,,,,,,,41.6214880,-72.7456519,06/08/2026
Comp (Invite),Imperium Open III,Imperium Martial Arts,North Reading,Massachusetts,Saturday,8/29/2026,,,,,,,42.5750939,-71.0786653,06/08/2026
Seminar,Mason Fowler,Giannetti Martial Arts,Whitman,Massachusetts,Saturday,7/11/2026,,,,,,,42.0806617,-70.9355990,06/10/2026
Seminar,Shawn Melanson,Team Lawton Martial Arts,Farmingdale,Maine,Sunday,6/21/2026,,,,,,,44.2580122,-69.7748127,06/10/2026
Seminar,Daniel Bin Yusuf: Lockdown,Four Horsemen BJJ,Barrington,New Hampshire,Saturday,6/20/2026,,,,,,,43.2231910,-71.0472110,06/11/2026
Seminar,Gustavo Savaiva: Nogi,Invictus Training Center,Beverly,Massachusetts,Wednesday,7/22/2026,,,,,,,42.5489744,-70.8781883,06/13/2026
Women's Only,Women’s Only Open Mat,Team Flo,Tyngsboro,Massachusetts,Saturday,7/11/2026,,,,,,,42.6658853,-71.4101576,06/13/2026
